-- Supplemental pilot org seed
-- This file adds a realistic Indonesia company hierarchy on top of the base dev bootstrap:
-- HO, four branches, plants under each branch, reporting managers, and employee records
-- that can be used to test leave approval and reporting flows locally.

INSERT INTO users (
  id, tenant_id, keycloak_id, email, display_name, status, created_at, updated_at
) VALUES
(
  '22222222-2222-2222-2222-222222222224',
  '11111111-1111-1111-1111-111111111111',
  'dev-md',
  'managing.director@peopleos.local',
  'PeopleOS Managing Director',
  'active',
  NOW(),
  NOW()
),
(
  '22222222-2222-2222-2222-222222222225',
  '11111111-1111-1111-1111-111111111111',
  'dev-hr-manager',
  'hr.manager@peopleos.local',
  'PeopleOS HR Manager',
  'active',
  NOW(),
  NOW()
),
(
  '22222222-2222-2222-2222-222222222226',
  '11111111-1111-1111-1111-111111111111',
  'dev-plant-manager-yog',
  'yog.plant.manager@peopleos.local',
  'Yogyakarta Plant Manager',
  'active',
  NOW(),
  NOW()
),
(
  '22222222-2222-2222-2222-222222222227',
  '11111111-1111-1111-1111-111111111111',
  'dev-plant-manager-jkt',
  'jkt.plant.manager@peopleos.local',
  'Jakarta Plant Manager',
  'active',
  NOW(),
  NOW()
),
(
  '22222222-2222-2222-2222-222222222228',
  '11111111-1111-1111-1111-111111111111',
  'dev-plant-manager-tgr',
  'tgr.plant.manager@peopleos.local',
  'Tangerang Plant Manager',
  'active',
  NOW(),
  NOW()
),
(
  '22222222-2222-2222-2222-222222222229',
  '11111111-1111-1111-1111-111111111111',
  'dev-plant-manager-sby',
  'sby.plant.manager@peopleos.local',
  'Surabaya Plant Manager',
  'active',
  NOW(),
  NOW()
),
(
  '22222222-2222-2222-2222-222222222230',
  '11111111-1111-1111-1111-111111111111',
  'dev-supervisor-yog',
  'yog.supervisor@peopleos.local',
  'Yogyakarta Supervisor',
  'active',
  NOW(),
  NOW()
),
(
  '22222222-2222-2222-2222-222222222231',
  '11111111-1111-1111-1111-111111111111',
  'dev-supervisor-jkt',
  'jkt.supervisor@peopleos.local',
  'Jakarta Supervisor',
  'active',
  NOW(),
  NOW()
),
(
  '22222222-2222-2222-2222-222222222232',
  '11111111-1111-1111-1111-111111111111',
  'dev-supervisor-tgr',
  'tgr.supervisor@peopleos.local',
  'Tangerang Supervisor',
  'active',
  NOW(),
  NOW()
),
(
  '22222222-2222-2222-2222-222222222233',
  '11111111-1111-1111-1111-111111111111',
  'dev-supervisor-sby',
  'sby.supervisor@peopleos.local',
  'Surabaya Supervisor',
  'active',
  NOW(),
  NOW()
),
(
  '22222222-2222-2222-2222-222222222234',
  '11111111-1111-1111-1111-111111111111',
  'dev-worker-yog',
  'yog.worker@peopleos.local',
  'Yogyakarta Worker',
  'active',
  NOW(),
  NOW()
),
(
  '22222222-2222-2222-2222-222222222235',
  '11111111-1111-1111-1111-111111111111',
  'dev-worker-jkt',
  'jkt.worker@peopleos.local',
  'Jakarta Worker',
  'active',
  NOW(),
  NOW()
),
(
  '22222222-2222-2222-2222-222222222236',
  '11111111-1111-1111-1111-111111111111',
  'dev-worker-tgr',
  'tgr.worker@peopleos.local',
  'Tangerang Worker',
  'active',
  NOW(),
  NOW()
),
(
  '22222222-2222-2222-2222-222222222237',
  '11111111-1111-1111-1111-111111111111',
  'dev-worker-sby',
  'sby.worker@peopleos.local',
  'Surabaya Worker',
  'active',
  NOW(),
  NOW()
) ON CONFLICT (id) DO NOTHING;

INSERT INTO user_roles (
  id, tenant_id, user_id, role_id, scope_type, scope_entity_id, granted_at, granted_by
) VALUES
(
  '93333333-3333-3333-3333-333333333330',
  '11111111-1111-1111-1111-111111111111',
  '22222222-2222-2222-2222-222222222224',
  '30000000-0000-0000-0000-000000000002',
  'tenant',
  NULL,
  NOW(),
  '22222222-2222-2222-2222-222222222222'
),
(
  '93333333-3333-3333-3333-333333333331',
  '11111111-1111-1111-1111-111111111111',
  '22222222-2222-2222-2222-222222222225',
  '30000000-0000-0000-0000-000000000003',
  'tenant',
  NULL,
  NOW(),
  '22222222-2222-2222-2222-222222222222'
),
(
  '93333333-3333-3333-3333-333333333332',
  '11111111-1111-1111-1111-111111111111',
  '22222222-2222-2222-2222-222222222226',
  '30000000-0000-0000-0000-000000000007',
  'tenant',
  NULL,
  NOW(),
  '22222222-2222-2222-2222-222222222222'
),
(
  '93333333-3333-3333-3333-333333333333',
  '11111111-1111-1111-1111-111111111111',
  '22222222-2222-2222-2222-222222222227',
  '30000000-0000-0000-0000-000000000007',
  'tenant',
  NULL,
  NOW(),
  '22222222-2222-2222-2222-222222222222'
),
(
  '93333333-3333-3333-3333-333333333334',
  '11111111-1111-1111-1111-111111111111',
  '22222222-2222-2222-2222-222222222228',
  '30000000-0000-0000-0000-000000000007',
  'tenant',
  NULL,
  NOW(),
  '22222222-2222-2222-2222-222222222222'
),
(
  '93333333-3333-3333-3333-333333333335',
  '11111111-1111-1111-1111-111111111111',
  '22222222-2222-2222-2222-222222222229',
  '30000000-0000-0000-0000-000000000007',
  'tenant',
  NULL,
  NOW(),
  '22222222-2222-2222-2222-222222222222'
),
(
  '93333333-3333-3333-3333-333333333336',
  '11111111-1111-1111-1111-111111111111',
  '22222222-2222-2222-2222-222222222230',
  '30000000-0000-0000-0000-000000000008',
  'tenant',
  NULL,
  NOW(),
  '22222222-2222-2222-2222-222222222222'
),
(
  '93333333-3333-3333-3333-333333333337',
  '11111111-1111-1111-1111-111111111111',
  '22222222-2222-2222-2222-222222222231',
  '30000000-0000-0000-0000-000000000008',
  'tenant',
  NULL,
  NOW(),
  '22222222-2222-2222-2222-222222222222'
),
(
  '93333333-3333-3333-3333-333333333338',
  '11111111-1111-1111-1111-111111111111',
  '22222222-2222-2222-2222-222222222232',
  '30000000-0000-0000-0000-000000000008',
  'tenant',
  NULL,
  NOW(),
  '22222222-2222-2222-2222-222222222222'
),
(
  '93333333-3333-3333-3333-333333333339',
  '11111111-1111-1111-1111-111111111111',
  '22222222-2222-2222-2222-222222222233',
  '30000000-0000-0000-0000-000000000008',
  'tenant',
  NULL,
  NOW(),
  '22222222-2222-2222-2222-222222222222'
),
(
  '93333333-3333-3333-3333-33333333333a',
  '11111111-1111-1111-1111-111111111111',
  '22222222-2222-2222-2222-222222222234',
  '30000000-0000-0000-0000-00000000000a',
  'tenant',
  NULL,
  NOW(),
  '22222222-2222-2222-2222-222222222222'
),
(
  '93333333-3333-3333-3333-33333333333b',
  '11111111-1111-1111-1111-111111111111',
  '22222222-2222-2222-2222-222222222235',
  '30000000-0000-0000-0000-00000000000a',
  'tenant',
  NULL,
  NOW(),
  '22222222-2222-2222-2222-222222222222'
),
(
  '93333333-3333-3333-3333-33333333333c',
  '11111111-1111-1111-1111-111111111111',
  '22222222-2222-2222-2222-222222222236',
  '30000000-0000-0000-0000-00000000000a',
  'tenant',
  NULL,
  NOW(),
  '22222222-2222-2222-2222-222222222222'
),
(
  '93333333-3333-3333-3333-33333333333d',
  '11111111-1111-1111-1111-111111111111',
  '22222222-2222-2222-2222-222222222237',
  '30000000-0000-0000-0000-00000000000a',
  'tenant',
  NULL,
  NOW(),
  '22222222-2222-2222-2222-222222222222'
) ON CONFLICT (id) DO NOTHING;

INSERT INTO locations (
  id, tenant_id, name, code, timezone, country, state_province, address, clocking_method, is_active, created_at, updated_at
) VALUES
(
  '90000000-0000-0000-0000-000000000101',
  '11111111-1111-1111-1111-111111111111',
  'Jakarta HQ',
  'HO',
  'Asia/Jakarta',
  'Indonesia',
  'DKI Jakarta',
  'Jl. Sudirman No. 1',
  'biometric',
  TRUE,
  NOW(),
  NOW()
),
(
  '90000000-0000-0000-0000-000000000102',
  '11111111-1111-1111-1111-111111111111',
  'Yogyakarta Branch',
  'YOG',
  'Asia/Jakarta',
  'Indonesia',
  'DI Yogyakarta',
  'Jl. Malioboro No. 2',
  'biometric',
  TRUE,
  NOW(),
  NOW()
),
(
  '90000000-0000-0000-0000-000000000103',
  '11111111-1111-1111-1111-111111111111',
  'Jakarta Branch',
  'JKT',
  'Asia/Jakarta',
  'Indonesia',
  'DKI Jakarta',
  'Jl. Gatot Subroto No. 3',
  'biometric',
  TRUE,
  NOW(),
  NOW()
),
(
  '90000000-0000-0000-0000-000000000104',
  '11111111-1111-1111-1111-111111111111',
  'Tangerang Branch',
  'TGR',
  'Asia/Jakarta',
  'Indonesia',
  'Banten',
  'Jl. Raya Serpong No. 4',
  'biometric',
  TRUE,
  NOW(),
  NOW()
),
(
  '90000000-0000-0000-0000-000000000105',
  '11111111-1111-1111-1111-111111111111',
  'Surabaya Branch',
  'SBY',
  'Asia/Jakarta',
  'Indonesia',
  'Jawa Timur',
  'Jl. Pemuda No. 5',
  'biometric',
  TRUE,
  NOW(),
  NOW()
) ON CONFLICT (id) DO NOTHING;

INSERT INTO plants (
  id, tenant_id, location_id, name, code, manager_id, is_active, created_at, updated_at
) VALUES
(
  '90000000-0000-0000-0000-000000000201',
  '11111111-1111-1111-1111-111111111111',
  '90000000-0000-0000-0000-000000000101',
  'HO Assembly Plant',
  'HO-ASM',
  '22222222-2222-2222-2222-222222222223',
  TRUE,
  NOW(),
  NOW()
),
(
  '90000000-0000-0000-0000-000000000202',
  '11111111-1111-1111-1111-111111111111',
  '90000000-0000-0000-0000-000000000102',
  'Yogyakarta Plant A',
  'YOG-A',
  '22222222-2222-2222-2222-222222222226',
  TRUE,
  NOW(),
  NOW()
),
(
  '90000000-0000-0000-0000-000000000203',
  '11111111-1111-1111-1111-111111111111',
  '90000000-0000-0000-0000-000000000103',
  'Jakarta Plant A',
  'JKT-A',
  '22222222-2222-2222-2222-222222222227',
  TRUE,
  NOW(),
  NOW()
),
(
  '90000000-0000-0000-0000-000000000204',
  '11111111-1111-1111-1111-111111111111',
  '90000000-0000-0000-0000-000000000104',
  'Tangerang Plant A',
  'TGR-A',
  '22222222-2222-2222-2222-222222222228',
  TRUE,
  NOW(),
  NOW()
),
(
  '90000000-0000-0000-0000-000000000205',
  '11111111-1111-1111-1111-111111111111',
  '90000000-0000-0000-0000-000000000105',
  'Surabaya Plant A',
  'SBY-A',
  '22222222-2222-2222-2222-222222222229',
  TRUE,
  NOW(),
  NOW()
) ON CONFLICT (id) DO NOTHING;

INSERT INTO departments (
  id, tenant_id, location_id, name, code, manager_id, parent_department_id, is_active, created_at, updated_at
) VALUES
(
  '90000000-0000-0000-0000-000000000301',
  '11111111-1111-1111-1111-111111111111',
  '90000000-0000-0000-0000-000000000101',
  'Engineering',
  'ENG',
  '22222222-2222-2222-2222-222222222224',
  NULL,
  TRUE,
  NOW(),
  NOW()
),
(
  '90000000-0000-0000-0000-000000000302',
  '11111111-1111-1111-1111-111111111111',
  '90000000-0000-0000-0000-000000000101',
  'People Ops',
  'HR',
  '22222222-2222-2222-2222-222222222225',
  NULL,
  TRUE,
  NOW(),
  NOW()
),
(
  '90000000-0000-0000-0000-000000000303',
  '11111111-1111-1111-1111-111111111111',
  '90000000-0000-0000-0000-000000000102',
  'Production',
  'PROD',
  '22222222-2222-2222-2222-222222222230',
  NULL,
  TRUE,
  NOW(),
  NOW()
),
(
  '90000000-0000-0000-0000-000000000304',
  '11111111-1111-1111-1111-111111111111',
  '90000000-0000-0000-0000-000000000103',
  'Operations',
  'OPS',
  '22222222-2222-2222-2222-222222222231',
  NULL,
  TRUE,
  NOW(),
  NOW()
),
(
  '90000000-0000-0000-0000-000000000305',
  '11111111-1111-1111-1111-111111111111',
  '90000000-0000-0000-0000-000000000104',
  'Packing',
  'PACK',
  '22222222-2222-2222-2222-222222222232',
  NULL,
  TRUE,
  NOW(),
  NOW()
),
(
  '90000000-0000-0000-0000-000000000306',
  '11111111-1111-1111-1111-111111111111',
  '90000000-0000-0000-0000-000000000105',
  'Warehouse',
  'WH',
  '22222222-2222-2222-2222-222222222233',
  NULL,
  TRUE,
  NOW(),
  NOW()
) ON CONFLICT (id) DO NOTHING;

INSERT INTO teams (
  id, tenant_id, department_id, name, lead_id, is_active, created_at, updated_at
) VALUES
(
  '90000000-0000-0000-0000-000000000401',
  '11111111-1111-1111-1111-111111111111',
  '90000000-0000-0000-0000-000000000302',
  'HQ People Ops',
  '22222222-2222-2222-2222-222222222225',
  TRUE,
  NOW(),
  NOW()
),
(
  '90000000-0000-0000-0000-000000000402',
  '11111111-1111-1111-1111-111111111111',
  '90000000-0000-0000-0000-000000000303',
  'Yogyakarta Day Shift',
  '22222222-2222-2222-2222-222222222230',
  TRUE,
  NOW(),
  NOW()
),
(
  '90000000-0000-0000-0000-000000000403',
  '11111111-1111-1111-1111-111111111111',
  '90000000-0000-0000-0000-000000000304',
  'Jakarta Night Shift',
  '22222222-2222-2222-2222-222222222231',
  TRUE,
  NOW(),
  NOW()
),
(
  '90000000-0000-0000-0000-000000000404',
  '11111111-1111-1111-1111-111111111111',
  '90000000-0000-0000-0000-000000000305',
  'Tangerang Packing Team',
  '22222222-2222-2222-2222-222222222232',
  TRUE,
  NOW(),
  NOW()
),
(
  '90000000-0000-0000-0000-000000000405',
  '11111111-1111-1111-1111-111111111111',
  '90000000-0000-0000-0000-000000000306',
  'Surabaya Line A',
  '22222222-2222-2222-2222-222222222233',
  TRUE,
  NOW(),
  NOW()
) ON CONFLICT (id) DO NOTHING;

INSERT INTO employees (
  id, tenant_id, employee_number, user_id, first_name, last_name, display_name,
  email, phone, date_of_birth, gender, nationality, status, hire_date,
  termination_date, manager_id, created_at, updated_at
) VALUES
(
  '90000000-0000-0000-0000-000000000501',
  '11111111-1111-1111-1111-111111111111',
  'EMP-MD-0001',
  '22222222-2222-2222-2222-222222222224',
  'Budi',
  'Santoso',
  'Budi Santoso',
  'budi.santoso@peopleos.local',
  '+628111111101',
  NULL,
  NULL,
  'Indonesia',
  'active',
  (CURRENT_DATE - INTERVAL '900 days')::date,
  NULL,
  NULL,
  NOW(),
  NOW()
),
(
  '90000000-0000-0000-0000-000000000502',
  '11111111-1111-1111-1111-111111111111',
  'EMP-HR-0001',
  '22222222-2222-2222-2222-222222222225',
  'Sari',
  'Wulandari',
  'Sari Wulandari',
  'sari.wulandari@peopleos.local',
  '+628111111102',
  NULL,
  NULL,
  'Indonesia',
  'active',
  (CURRENT_DATE - INTERVAL '730 days')::date,
  NULL,
  '90000000-0000-0000-0000-000000000501',
  NOW(),
  NOW()
),
(
  '90000000-0000-0000-0000-000000000503',
  '11111111-1111-1111-1111-111111111111',
  'EMP-HO-PM-0001',
  '22222222-2222-2222-2222-222222222223',
  'Andi',
  'Prasetyo',
  'Andi Prasetyo',
  'andi.prasetyo@peopleos.local',
  '+628111111103',
  NULL,
  NULL,
  'Indonesia',
  'active',
  (CURRENT_DATE - INTERVAL '540 days')::date,
  NULL,
  '90000000-0000-0000-0000-000000000502',
  NOW(),
  NOW()
),
(
  '90000000-0000-0000-0000-000000000504',
  '11111111-1111-1111-1111-111111111111',
  'EMP-YOG-PM-0001',
  '22222222-2222-2222-2222-222222222226',
  'Rina',
  'Ayu',
  'Rina Ayu',
  'rina.ayu@peopleos.local',
  '+628111111104',
  NULL,
  NULL,
  'Indonesia',
  'active',
  (CURRENT_DATE - INTERVAL '520 days')::date,
  NULL,
  '90000000-0000-0000-0000-000000000502',
  NOW(),
  NOW()
),
(
  '90000000-0000-0000-0000-000000000505',
  '11111111-1111-1111-1111-111111111111',
  'EMP-JKT-PM-0001',
  '22222222-2222-2222-2222-222222222227',
  'Rafi',
  'Setiawan',
  'Rafi Setiawan',
  'rafi.setiawan@peopleos.local',
  '+628111111105',
  NULL,
  NULL,
  'Indonesia',
  'active',
  (CURRENT_DATE - INTERVAL '500 days')::date,
  NULL,
  '90000000-0000-0000-0000-000000000502',
  NOW(),
  NOW()
),
(
  '90000000-0000-0000-0000-000000000506',
  '11111111-1111-1111-1111-111111111111',
  'EMP-TGR-PM-0001',
  '22222222-2222-2222-2222-222222222228',
  'Maya',
  'Putri',
  'Maya Putri',
  'maya.putri@peopleos.local',
  '+628111111106',
  NULL,
  NULL,
  'Indonesia',
  'active',
  (CURRENT_DATE - INTERVAL '480 days')::date,
  NULL,
  '90000000-0000-0000-0000-000000000502',
  NOW(),
  NOW()
),
(
  '90000000-0000-0000-0000-000000000507',
  '11111111-1111-1111-1111-111111111111',
  'EMP-SBY-PM-0001',
  '22222222-2222-2222-2222-222222222229',
  'Dedi',
  'Nugroho',
  'Dedi Nugroho',
  'dedi.nugroho@peopleos.local',
  '+628111111107',
  NULL,
  NULL,
  'Indonesia',
  'active',
  (CURRENT_DATE - INTERVAL '460 days')::date,
  NULL,
  '90000000-0000-0000-0000-000000000502',
  NOW(),
  NOW()
),
(
  '90000000-0000-0000-0000-000000000508',
  '11111111-1111-1111-1111-111111111111',
  'EMP-YOG-SPV-0001',
  '22222222-2222-2222-2222-222222222230',
  'Fajar',
  'Saputra',
  'Fajar Saputra',
  'fajar.saputra@peopleos.local',
  '+628111111108',
  NULL,
  NULL,
  'Indonesia',
  'active',
  (CURRENT_DATE - INTERVAL '420 days')::date,
  NULL,
  '90000000-0000-0000-0000-000000000504',
  NOW(),
  NOW()
),
(
  '90000000-0000-0000-0000-000000000509',
  '11111111-1111-1111-1111-111111111111',
  'EMP-JKT-SPV-0001',
  '22222222-2222-2222-2222-222222222231',
  'Nina',
  'Lestari',
  'Nina Lestari',
  'nina.lestari@peopleos.local',
  '+628111111109',
  NULL,
  NULL,
  'Indonesia',
  'active',
  (CURRENT_DATE - INTERVAL '410 days')::date,
  NULL,
  '90000000-0000-0000-0000-000000000505',
  NOW(),
  NOW()
),
(
  '90000000-0000-0000-0000-00000000050a',
  '11111111-1111-1111-1111-111111111111',
  'EMP-TGR-SPV-0001',
  '22222222-2222-2222-2222-222222222232',
  'Agus',
  'Wibowo',
  'Agus Wibowo',
  'agus.wibowo@peopleos.local',
  '+628111111110',
  NULL,
  NULL,
  'Indonesia',
  'active',
  (CURRENT_DATE - INTERVAL '400 days')::date,
  NULL,
  '90000000-0000-0000-0000-000000000506',
  NOW(),
  NOW()
),
(
  '90000000-0000-0000-0000-00000000050b',
  '11111111-1111-1111-1111-111111111111',
  'EMP-SBY-SPV-0001',
  '22222222-2222-2222-2222-222222222233',
  'Lina',
  'Halim',
  'Lina Halim',
  'lina.halim@peopleos.local',
  '+628111111111',
  NULL,
  NULL,
  'Indonesia',
  'active',
  (CURRENT_DATE - INTERVAL '390 days')::date,
  NULL,
  '90000000-0000-0000-0000-000000000507',
  NOW(),
  NOW()
),
(
  '90000000-0000-0000-0000-00000000050c',
  '11111111-1111-1111-1111-111111111111',
  'EMP-YOG-WRK-0001',
  '22222222-2222-2222-2222-222222222234',
  'Rio',
  'Aditya',
  'Rio Aditya',
  'rio.aditya@peopleos.local',
  '+628111111112',
  NULL,
  NULL,
  'Indonesia',
  'active',
  (CURRENT_DATE - INTERVAL '300 days')::date,
  NULL,
  '90000000-0000-0000-0000-000000000508',
  NOW(),
  NOW()
),
(
  '90000000-0000-0000-0000-00000000050d',
  '11111111-1111-1111-1111-111111111111',
  'EMP-JKT-WRK-0001',
  '22222222-2222-2222-2222-222222222235',
  'Dina',
  'Sari',
  'Dina Sari',
  'dina.sari@peopleos.local',
  '+628111111113',
  NULL,
  NULL,
  'Indonesia',
  'active',
  (CURRENT_DATE - INTERVAL '290 days')::date,
  NULL,
  '90000000-0000-0000-0000-000000000509',
  NOW(),
  NOW()
),
(
  '90000000-0000-0000-0000-00000000050e',
  '11111111-1111-1111-1111-111111111111',
  'EMP-TGR-WRK-0001',
  '22222222-2222-2222-2222-222222222236',
  'Eka',
  'Pramono',
  'Eka Pramono',
  'eka.pramono@peopleos.local',
  '+628111111114',
  NULL,
  NULL,
  'Indonesia',
  'active',
  (CURRENT_DATE - INTERVAL '280 days')::date,
  NULL,
  '90000000-0000-0000-0000-00000000050a',
  NOW(),
  NOW()
),
(
  '90000000-0000-0000-0000-00000000050f',
  '11111111-1111-1111-1111-111111111111',
  'EMP-SBY-WRK-0001',
  '22222222-2222-2222-2222-222222222237',
  'Hani',
  'Wijaya',
  'Hani Wijaya',
  'hani.wijaya@peopleos.local',
  '+628111111115',
  NULL,
  NULL,
  'Indonesia',
  'active',
  (CURRENT_DATE - INTERVAL '270 days')::date,
  NULL,
  '90000000-0000-0000-0000-00000000050b',
  NOW(),
  NOW()
) ON CONFLICT (id) DO NOTHING;

INSERT INTO employment_spells (
  tenant_id, employee_id, department_id, location_id, plant_id, job_title, employment_type,
  work_arrangement, effective_from, probation_end_date, notice_period_days, job_grade, created_at
) VALUES
(
  '11111111-1111-1111-1111-111111111111',
  '90000000-0000-0000-0000-000000000501',
  '90000000-0000-0000-0000-000000000301',
  '90000000-0000-0000-0000-000000000101',
  '90000000-0000-0000-0000-000000000201',
  'Managing Director',
  'full_time',
  'office',
  (CURRENT_DATE - INTERVAL '900 days')::date,
  NULL,
  90,
  'M5',
  NOW()
),
(
  '11111111-1111-1111-1111-111111111111',
  '90000000-0000-0000-0000-000000000502',
  '90000000-0000-0000-0000-000000000302',
  '90000000-0000-0000-0000-000000000101',
  '90000000-0000-0000-0000-000000000201',
  'HR Manager',
  'full_time',
  'office',
  (CURRENT_DATE - INTERVAL '730 days')::date,
  NULL,
  30,
  'M4',
  NOW()
),
(
  '11111111-1111-1111-1111-111111111111',
  '90000000-0000-0000-0000-000000000503',
  '90000000-0000-0000-0000-000000000301',
  '90000000-0000-0000-0000-000000000101',
  '90000000-0000-0000-0000-000000000201',
  'HO Plant Manager',
  'full_time',
  'office',
  (CURRENT_DATE - INTERVAL '540 days')::date,
  NULL,
  30,
  'M4',
  NOW()
),
(
  '11111111-1111-1111-1111-111111111111',
  '90000000-0000-0000-0000-000000000504',
  '90000000-0000-0000-0000-000000000303',
  '90000000-0000-0000-0000-000000000102',
  '90000000-0000-0000-0000-000000000202',
  'Yogyakarta Plant Manager',
  'full_time',
  'office',
  (CURRENT_DATE - INTERVAL '520 days')::date,
  NULL,
  30,
  'M4',
  NOW()
),
(
  '11111111-1111-1111-1111-111111111111',
  '90000000-0000-0000-0000-000000000505',
  '90000000-0000-0000-0000-000000000304',
  '90000000-0000-0000-0000-000000000103',
  '90000000-0000-0000-0000-000000000203',
  'Jakarta Plant Manager',
  'full_time',
  'office',
  (CURRENT_DATE - INTERVAL '500 days')::date,
  NULL,
  30,
  'M4',
  NOW()
),
(
  '11111111-1111-1111-1111-111111111111',
  '90000000-0000-0000-0000-000000000506',
  '90000000-0000-0000-0000-000000000305',
  '90000000-0000-0000-0000-000000000104',
  '90000000-0000-0000-0000-000000000204',
  'Tangerang Plant Manager',
  'full_time',
  'office',
  (CURRENT_DATE - INTERVAL '480 days')::date,
  NULL,
  30,
  'M4',
  NOW()
),
(
  '11111111-1111-1111-1111-111111111111',
  '90000000-0000-0000-0000-000000000507',
  '90000000-0000-0000-0000-000000000306',
  '90000000-0000-0000-0000-000000000105',
  '90000000-0000-0000-0000-000000000205',
  'Surabaya Plant Manager',
  'full_time',
  'office',
  (CURRENT_DATE - INTERVAL '460 days')::date,
  NULL,
  30,
  'M4',
  NOW()
),
(
  '11111111-1111-1111-1111-111111111111',
  '90000000-0000-0000-0000-000000000508',
  '90000000-0000-0000-0000-000000000303',
  '90000000-0000-0000-0000-000000000102',
  '90000000-0000-0000-0000-000000000202',
  'Production Supervisor',
  'full_time',
  'office',
  (CURRENT_DATE - INTERVAL '420 days')::date,
  NULL,
  30,
  'S2',
  NOW()
),
(
  '11111111-1111-1111-1111-111111111111',
  '90000000-0000-0000-0000-000000000509',
  '90000000-0000-0000-0000-000000000304',
  '90000000-0000-0000-0000-000000000103',
  '90000000-0000-0000-0000-000000000203',
  'Operations Supervisor',
  'full_time',
  'office',
  (CURRENT_DATE - INTERVAL '410 days')::date,
  NULL,
  30,
  'S2',
  NOW()
),
(
  '11111111-1111-1111-1111-111111111111',
  '90000000-0000-0000-0000-00000000050a',
  '90000000-0000-0000-0000-000000000305',
  '90000000-0000-0000-0000-000000000104',
  '90000000-0000-0000-0000-000000000204',
  'Packing Supervisor',
  'full_time',
  'office',
  (CURRENT_DATE - INTERVAL '400 days')::date,
  NULL,
  30,
  'S2',
  NOW()
),
(
  '11111111-1111-1111-1111-111111111111',
  '90000000-0000-0000-0000-00000000050b',
  '90000000-0000-0000-0000-000000000306',
  '90000000-0000-0000-0000-000000000105',
  '90000000-0000-0000-0000-000000000205',
  'Warehouse Supervisor',
  'full_time',
  'office',
  (CURRENT_DATE - INTERVAL '390 days')::date,
  NULL,
  30,
  'S2',
  NOW()
),
(
  '11111111-1111-1111-1111-111111111111',
  '90000000-0000-0000-0000-00000000050c',
  '90000000-0000-0000-0000-000000000303',
  '90000000-0000-0000-0000-000000000102',
  '90000000-0000-0000-0000-000000000202',
  'Production Operator',
  'full_time',
  'office',
  (CURRENT_DATE - INTERVAL '300 days')::date,
  (CURRENT_DATE + INTERVAL '60 days')::date,
  30,
  'O1',
  NOW()
),
(
  '11111111-1111-1111-1111-111111111111',
  '90000000-0000-0000-0000-00000000050d',
  '90000000-0000-0000-0000-000000000304',
  '90000000-0000-0000-0000-000000000103',
  '90000000-0000-0000-0000-000000000203',
  'Operations Staff',
  'full_time',
  'office',
  (CURRENT_DATE - INTERVAL '290 days')::date,
  (CURRENT_DATE + INTERVAL '60 days')::date,
  30,
  'O1',
  NOW()
),
(
  '11111111-1111-1111-1111-111111111111',
  '90000000-0000-0000-0000-00000000050e',
  '90000000-0000-0000-0000-000000000305',
  '90000000-0000-0000-0000-000000000104',
  '90000000-0000-0000-0000-000000000204',
  'Packing Staff',
  'full_time',
  'office',
  (CURRENT_DATE - INTERVAL '280 days')::date,
  (CURRENT_DATE + INTERVAL '60 days')::date,
  30,
  'O1',
  NOW()
),
(
  '11111111-1111-1111-1111-111111111111',
  '90000000-0000-0000-0000-00000000050f',
  '90000000-0000-0000-0000-000000000306',
  '90000000-0000-0000-0000-000000000105',
  '90000000-0000-0000-0000-000000000205',
  'Warehouse Staff',
  'full_time',
  'office',
  (CURRENT_DATE - INTERVAL '270 days')::date,
  (CURRENT_DATE + INTERVAL '60 days')::date,
  30,
  'O1',
  NOW()
) ON CONFLICT DO NOTHING;

